"Campaign name",Objective,Placement,Platform,Ads,"Delivery status","Delivery level",Reach,"Cost per 1,000 Accounts Center accounts reached",Impressions,"CPM (cost per 1,000 impressions)",Frequency,"Link clicks","Clicks (all)","CTR (all)","CPC (all)","CTR (link click-through rate)","CPC (cost per link click)","Outbound clicks","* OC→WA landing ratio","Messaging conversations started","Cost per messaging conversation started","Instagram follows","* COST /Follow (IDR)","Result type",Results,"Cost per result","Amount spent (IDR)","Reporting starts","Reporting ends"
,,,,,,,328426,54850.47773319,787193,22884.25201952,2.39686566,12141,15985,2.03063289,1126.95170472,1.54231554,1483.75941026,1495,0.21672241,324,55599.76234568,450,40031.82888889,mixed,,,18014323,2025-11-26,2025-12-25
"RMODA - BSD || BOF || CBO || Sales || 20/11/25 - Brief Creative - VS 1",OUTCOME_SALES,"Instagram Reels",instagram,"NCC || BOF || Ads 2 || 17/11/25 (manual upload);...and 2 more ads",inactive,campaign,22053,59530.99351562,34814,37710.03044752,1.57865143,72,300,0.8617223,4376.12333333,0.20681335,18233.84722222,71,,21,62516.04761905,18,72935.38888889,"Messaging conversations started",21,62516.04761905,1312837,2025-11-26,2025-12-25
"RMODA - BSD || BOF || CBO || Sales || 20/11/25 - Brief Creative - VS 1",OUTCOME_SALES,"Instagram Stories",instagram,"NCC || BOF || Ads 2 || 17/11/25 (manual upload);...and 2 more ads",inactive,campaign,16654,72135.46295184,36924,32535.58661033,2.21712502,143,291,0.7881053,4128.32989691,0.38728198,8401.00699301,142,,24,50056,12,100112,"Messaging conversations started",24,50056,1201344,2025-11-26,2025-12-25
"RMODA - BSD || BOF || CBO || Sales || 20/11/25 - Brief Creative - VS 1",OUTCOME_SALES,Feed,instagram,"NCC || BOF || Ads 2 || 17/11/25 (manual upload);...and 2 more ads",inactive,campaign,14498,78404.19368189,25122,45247.35291776,1.73279073,43,192,0.76427036,5920.33333333,0.17116472,26434.97674419,40,,16,71044,18,63150.22222222,"Messaging conversations started",16,71044,1136704,2025-11-26,2025-12-25
"RMODA - BSD || TOF || CBO || Winning ADS & ADSET include report MOM || 30/11/25 (Drop Pin + R-LT)",OUTCOME_SALES,"Instagram Reels",instagram,"SPPF || Ads 1 || 30/11/25;...and 3 more ads",active,campaign,12445,84740.05624749,17855,59064.12769532,1.43471274,44,274,1.53458415,3848.86861314,0.24642957,23967.95454545,43,,24,43941.25,14,75327.85714286,"Messaging conversations started",24,43941.25,1054590,2025-11-26,2025-12-25
"RMODA - BSD || TOF || CBO || Winning ADS & ADSET include report MOM || 30/11/25 (Drop Pin + R-LT)",OUTCOME_SALES,Feed,instagram,"SPPF || Ads 1 || 30/11/25;...and 3 more ads",active,campaign,10233,101219.29053064,16835,61525.21532522,1.6451676,41,219,1.3008613,4729.57534247,0.24354024,25262.85365854,40,,25,41431.08,23,45033.7826087,"Messaging conversations started",25,41431.08,1035777,2025-11-26,2025-12-25
"RMODA - BSD || BOF || CBO || Sales || 17/11/25 - Brief Creative",OUTCOME_SALES,"Instagram Reels",instagram,"NCC || BOF || Ads 2 || 17/11/25 (manual upload); NCC || BOF || Ads 2 || 17/11/25 (manual upload) - Copy;...and 2 more ads",inactive,campaign,13995,57137.40621651,20331,39330.97240667,1.45273312,40,193,0.94928926,4143.20207254,0.19674389,19990.95,40,,10,79963.8,8,99954.75,"Messaging conversations started",10,79963.8,799638,2025-11-26,2025-12-25
"RMODA - BSD || TOF || ABO || Winning ADS & ADSET include report MOM || 15/12/25 (Drop Pin + R-LT)",OUTCOME_SALES,"Instagram Reels",instagram,"SPPF || Ads 2 || 16/12/25;...and 3 more ads",active,campaign,9887,80699.90897138,16194,49270.10003705,1.63790836,38,391,2.4144745,2040.61381074,0.23465481,20996.84210526,38,,8,99735,13,61375.38461538,"Messaging conversations started",8,99735,797880,2025-11-26,2025-12-25
"RMODA - BSD || BOF || CBO || Sales || 17/11/25 - Brief Creative",OUTCOME_SALES,"Instagram Stories",instagram,"NCC || BOF || Ads 2 || 17/11/25 (manual upload); NCC || BOF || Ads 2 || 17/11/25 (manual upload) - Copy;...and 2 more ads",inactive,campaign,11194,68974.53993211,22337,34566.01155034,1.99544399,96,185,0.82822223,4173.51891892,0.42978019,8042.71875,96,,14,55150.07142857,8,96512.625,"Messaging conversations started",14,55150.07142857,772101,2025-11-26,2025-12-25
"RMODA - BSD || TOF || CBO || Winning ADS & ADSET include report MOM || 30/11/25 (Drop Pin + R-LT)",OUTCOME_SALES,"Instagram Stories",instagram,"SPPF || Ads 1 || 30/11/25;...and 3 more ads",active,campaign,8694,75936.2778928,16017,41218.08078916,1.84230504,230,334,2.08528439,1976.61676647,1.43597428,2870.39130435,230,,16,41261.875,10,66019,"Messaging conversations started",16,41261.875,660190,2025-11-26,2025-12-25
"RMODA - BSD || BOF || CBO || Sales || 17/11/25 - Brief Creative",OUTCOME_SALES,Feed,instagram,"NCC || BOF || Ads 2 || 17/11/25 (manual upload); NCC || BOF || Ads 2 || 17/11/25 (manual upload) - Copy;...and 2 more ads",inactive,campaign,8134,76906.93385788,12380,50529.96768982,1.52200639,20,113,0.91276252,5535.9380531,0.16155089,31278.05,20,,14,44682.92857143,4,156390.25,"Messaging conversations started",14,44682.92857143,625561,2025-11-26,2025-12-25
"RMODA - BSD || TOF || ABO || Traffic || Collaboration Post || 6/12/25 - [ Visit Profile ]",LINK_CLICKS,"Instagram Stories",instagram,"Ads 3 - (visit profile, sppf);...and 2 more ads",active,campaign,87479,6354.59938957,134417,4135.59296815,1.53656306,3929,3808,2.832975,145.98056723,2.92299337,141.4848562,1,,2,277947,75,7411.92,"Instagram profile visits",3970,140.02367758,555894,2025-11-26,2025-12-25
"RMODA - BSD || TOF || ABO || Sales || Collaboration Post & Manual Upload || 6/12/25",OUTCOME_SALES,"Instagram Reels",instagram,"Ads 4 - (SPPF, Ordinar car);...and 2 more ads",active,campaign,9320,57669.74248927,11812,45503.04774805,1.26738197,30,127,1.07517779,4232.14173228,0.253979,17916.06666667,30,,8,67185.25,5,107496.4,"Messaging conversations started",8,67185.25,537482,2025-11-26,2025-12-25
"RMODA - BSD || TOF || ABO || Traffic || Collaboration Post || 6/12/25 - [ Visit Profile ]",LINK_CLICKS,"Instagram Reels",instagram,"Ads 3 - (visit profile, sppf);...and 2 more ads",active,campaign,105326,4515.79856825,138858,3425.30498783,1.31836394,3632,3537,2.5472065,134.47299972,2.61562171,130.95567181,,,,,29,16401.06896552,"Instagram profile visits",3608,131.82677384,475631,2025-11-26,2025-12-25
"RMODA - BSD || TOF || ABO || Sales || Collaboration Post & Manual Upload || 6/12/25",OUTCOME_SALES,Feed,instagram,"Ads 4 - (SPPF, Ordinar car);...and 2 more ads",active,campaign,3517,110836.22405459,5237,74434.02711476,1.48905317,11,58,1.1075043,6720.87931034,0.21004392,35437.36363636,10,,5,77962.2,5,77962.2,"Messaging conversations started",5,77962.2,389811,2025-11-26,2025-12-25
"RMODA - BSD || TOF || CBO || BROAD || 23/11/25",OUTCOME_SALES,"Instagram Reels",instagram,"ADS 1;...and 2 more ads",inactive,campaign,2997,117930.59726393,3614,97796.90094079,1.20587254,10,62,1.71555064,5700.61290323,0.27670172,35343.8,10,,4,88359.5,1,353438,"Messaging conversations started",4,88359.5,353438,2025-11-26,2025-12-25
"RMODA - BSD || MOF || CBO || Traffic || SPPF || 31/10/25 (RT All Engaged IG)",LINK_CLICKS,Feed,instagram,"SPPF || Ads 1 || 31/10/25;...and 3 more ads",inactive,campaign,4188,76077.12511939,5564,57262.9403307,1.32855778,13,75,1.34795111,4248.14666667,0.23364486,24508.53846154,13,,4,79652.75,7,45515.85714286,"Messaging conversations started",4,79652.75,318611,2025-11-26,2025-12-25
"RMODA - BSD || TOF || ABO || Winning ADS & ADSET include report MOM || 15/12/25 (Drop Pin + R-LT)",OUTCOME_SALES,Feed,instagram,"SPPF || Ads 2 || 16/12/25;...and 3 more ads",active,campaign,3393,82490.12673151,5006,55910.70715142,1.47539051,6,61,1.21853775,4588.3442623,0.11985617,46648.16666667,6,,,,2,139944.5,,,,279889,2025-11-26,2025-12-25
"RMODA - BSD || MOF || CBO || Traffic || UGC || 31/10/25 (RT All Engaged IG)",LINK_CLICKS,"Instagram Reels",instagram,"UGC || Ads 1 || 31/10/25 (manual upload);...and 1 more ad",inactive,campaign,3344,78747.90669856,3947,66717.25361034,1.18032297,13,57,1.44413479,4619.87719298,0.32936407,20256.38461538,13,,3,87777.66666667,2,131666.5,"Messaging conversations started",3,87777.66666667,263333,2025-11-26,2025-12-25
"RMODA - BSD || TOF || ABO || Traffic || Collaboration Post || 6/12/25 - [ Visit Profile ]",LINK_CLICKS,"Instagram Stories",instagram,"Ads 2 - @hobibarbar;...and 2 more ads",active,campaign,32812,7312.78190906,45662,5254.85086067,1.39162502,819,1183,2.5907757,202.82924768,1.79361395,292.97557998,1,,,,36,6665.19444444,"Instagram profile visits",816,294.05269608,239947,2025-11-26,2025-12-25
"RMODA - BSD || TOF || ABO || Sales || Collaboration Post & Manual Upload || 6/12/25",OUTCOME_SALES,"Instagram Stories",instagram,"Ads 4 - (SPPF, Ordinar car);...and 2 more ads",active,campaign,4591,49681.11522544,7343,31061.69140678,1.59943367,54,102,1.38907803,2236.1372549,0.73539425,4223.81481481,54,,7,32583.71428571,5,45617.2,"Messaging conversations started",7,32583.71428571,228086,2025-11-26,2025-12-25
"RMODA - BSD || TOF || ABO || Traffic || Collaboration Post || 6/12/25 - [ Visit Profile ]",LINK_CLICKS,"Instagram Reels",instagram,"Ads 1 - 19/12/25;...and 2 more ads",active,campaign,27916,8137.34059321,35889,6329.57173507,1.28560682,1391,1369,3.81453927,165.93279766,3.87583939,163.30841121,,,,,42,5408.61904762,"Instagram profile visits",1424,159.5238764,227162,2025-11-26,2025-12-25
"RMODA - BSD || MOF || CBO || Traffic || SPPF || 31/10/25 (RT All Engaged IG)",LINK_CLICKS,"Instagram Reels",instagram,"SPPF || Ads 1 || 31/10/25;...and 3 more ads",inactive,campaign,4011,55135.62702568,4764,46420.86481948,1.18773373,8,64,1.3434089,3455.453125,0.16792611,27643.625,8,,3,73716.33333333,3,73716.33333333,"Messaging conversations started",3,73716.33333333,221149,2025-11-26,2025-12-25
"RMODA - BSD || MOF || CBO || Traffic || SPPF || 31/10/25 (RT All Engaged IG)",LINK_CLICKS,"Instagram Stories",instagram,"SPPF || Ads 1 || 31/10/25;...and 3 more ads",inactive,campaign,4420,48923.07692308,6615,32689.34240363,1.49660633,81,133,2.01058201,1625.86466165,1.2244898,2669.62962963,81,,4,54060,7,30891.42857143,"Messaging conversations started",4,54060,216240,2025-11-26,2025-12-25
"RMODA - BSD || TOF || CBO || BROAD || 23/11/25",OUTCOME_SALES,Feed,instagram,"ADS 1;...and 2 more ads",inactive,campaign,1968,97272.35772358,2538,75426.31993696,1.28963415,7,25,0.98502758,7657.28,0.27580772,27347.42857143,7,,3,63810.66666667,0,,"Messaging conversations started",3,63810.66666667,191432,2025-11-26,2025-12-25
"RMODA - BSD || TOF || ABO || Winning ADS & ADSET include report MOM || 15/12/25 (Drop Pin + R-LT)",OUTCOME_SALES,"Instagram Stories",instagram,"SPPF || Ads 2 || 16/12/25;...and 3 more ads",active,campaign,2460,77226.01626016,4550,41752.96703297,1.8495935,33,61,1.34065934,3114.36065574,0.72527473,5756.84848485,33,,3,63325.33333333,2,94988,"Messaging conversations started",3,63325.33333333,189976,2025-11-26,2025-12-25
"RMODA - BSD || TOF || ABO || Winning ADS & ADSET include report MOM || 15/12/25 (Drop Pin + R-LT)",OUTCOME_SALES,"Instagram Reels",instagram,"SPPF || Ads 1 || 15/12/25;...and 3 more ads",active,campaign,3579,51132.15982118,4016,45568.22709163,1.12210115,12,49,1.22011952,3734.73469388,0.29880478,15250.16666667,12,,8,22875.25,1,183002,"Messaging conversations started",8,22875.25,183002,2025-11-26,2025-12-25
"RMODA - BSD || TOF || CBO || Winning ADS & ADSET include report MOM || 30/11/25 (Drop Pin + R-LT)",OUTCOME_SALES,"Instagram Reels",instagram,"UGC || Ads 2 || 30/11/25 (manual upload);...and 3 more ads",active,campaign,2956,55358.25439783,3173,51572.32902616,1.07341001,7,56,1.76489127,2922.125,0.22061141,23377,7,,3,54546.33333333,4,40909.75,"Messaging conversations started",3,54546.33333333,163639,2025-11-26,2025-12-25
"RMODA - BSD || TOF || ABO || Traffic || Collaboration Post || 6/12/25 - [ Visit Profile ]",LINK_CLICKS,"Instagram Reels",instagram,"Ads 2 - @hobibarbar;...and 2 more ads",active,campaign,24682,5595.9403614,33133,4168.6234268,1.34239527,355,806,2.43262005,171.36352357,1.07143935,389.06760563,,,,,19,7269.42105263,"Instagram profile visits",361,382.60110803,138119,2025-11-26,2025-12-25
"RMODA - BSD || MOF || CBO || Traffic || UGC || 31/10/25 (RT All Engaged IG)",LINK_CLICKS,"Instagram Reels",instagram,"UGC || Ads 2 || 31/10/25 (manual upload);...and 1 more ad",inactive,campaign,2329,54778.87505367,2568,49680.68535826,1.10261915,8,57,2.21962617,2238.24561404,0.31152648,15947.5,8,,1,127580,4,31895,"Messaging conversations started",1,127580,127580,2025-11-26,2025-12-25
"RMODA - BSD || TOF || ABO || Winning ADS & ADSET include report MOM || 15/12/25 (Drop Pin + R-LT)",OUTCOME_SALES,Feed,instagram,"SPPF || Ads 1 || 15/12/25;...and 3 more ads",active,campaign,2324,52405.76592083,2996,40651.20160214,1.28915663,9,51,1.70226969,2388.05882353,0.30040053,13532.33333333,8,,4,30447.75,3,40597,"Messaging conversations started",4,30447.75,121791,2025-11-26,2025-12-25
"RMODA - BSD || TOF || CBO || BROAD || 23/11/25",OUTCOME_SALES,"Instagram Stories",instagram,"ADS 1;...and 2 more ads",inactive,campaign,2036,58901.76817289,2879,41654.74122959,1.41404715,34,69,2.39666551,1738.02898551,1.18096561,3527.17647059,33,,3,39974.66666667,5,23984.8,"Messaging conversations started",3,39974.66666667,119924,2025-11-26,2025-12-25
"RMODA - BSD || TOF || CBO || Winning ADS & ADSET include report MOM || 30/11/25 (Drop Pin + R-LT)",OUTCOME_SALES,"Instagram Stories",instagram,"UGC || Ads 2 || 30/11/25 (manual upload);...and 3 more ads",active,campaign,2515,45884.69184891,3221,35827.38280037,1.28071571,57,96,2.98044086,1202.08333333,1.76963676,2024.56140351,57,,7,16485.71428571,3,38466.66666667,"Messaging conversations started",7,16485.71428571,115400,2025-11-26,2025-12-25
"RMODA - BSD || TOF || CBO || Winning ADS & ADSET include report MOM || 30/11/25 (Drop Pin + R-LT)",OUTCOME_SALES,"Instagram Reels",instagram,"ADS 1 || 30/11/25;...and 3 more ads",active,campaign,1444,76947.36842105,1628,68250.61425061,1.12742382,7,57,3.5012285,1949.33333333,0.42997543,15873.14285714,7,,5,22222.4,4,27778,"Messaging conversations started",5,22222.4,111112,2025-11-26,2025-12-25
"RMODA - BSD || TOF || CBO || Winning ADS & ADSET include report MOM || 30/11/25 (Drop Pin + R-LT)",OUTCOME_SALES,Feed,instagram,"UGC || Ads 2 || 30/11/25 (manual upload);...and 3 more ads",active,campaign,1562,66294.49423816,1902,54443.74342797,1.21766965,7,26,1.36698212,3982.76923077,0.36803365,14793.14285714,7,,1,103552,2,51776,"Messaging conversations started",1,103552,103552,2025-11-26,2025-12-25
"RMODA - BSD || MOF || CBO || Traffic || UGC || 31/10/25 (RT All Engaged IG)",LINK_CLICKS,Feed,instagram,"UGC || Ads 1 || 31/10/25 (manual upload);...and 1 more ad",inactive,campaign,872,102932.33944954,1111,80789.37893789,1.27408257,3,11,0.99009901,8159.72727273,0.270027,29919,3,,,,3,29919,,,,89757,2025-11-26,2025-12-25
"RMODA - BSD || TOF || ABO || Sales || Collaboration Post & Manual Upload || 6/12/25",OUTCOME_SALES,Feed,instagram,"Ads 3 - (carousel, ceramic coating);...and 1 more ad",active,campaign,1730,44763.58381503,2262,34235.63218391,1.30751445,11,30,1.32625995,2581.36666667,0.48629531,7040.09090909,11,,2,38720.5,1,77441,"Messaging conversations started",2,38720.5,77441,2025-11-26,2025-12-25
"RMODA - BSD || TOF || CBO || Winning ADS & ADSET include report MOM || 30/11/25 (Drop Pin + R-LT)",OUTCOME_SALES,"Instagram Reels",instagram,"NCC || BOF || Ads 2 || 30/11/25 (manual upload);...and 3 more ads",active,campaign,1058,72897.92060491,1214,63530.47775947,1.14744802,2,17,1.40032949,4536.82352941,0.16474465,38563,2,,,,1,77126,,,,77126,2025-11-26,2025-12-25
"RMODA - BSD || MOF || CBO || Traffic || UGC || 31/10/25 (RT All Engaged IG)",LINK_CLICKS,"Instagram Stories",instagram,"UGC || Ads 2 || 31/10/25 (manual upload);...and 1 more ad",inactive,campaign,1357,56366.98599853,1622,47157.8298397,1.19528371,27,47,2.89765721,1627.44680851,1.66461159,2832.96296296,27,,1,76490,0,,"Messaging conversations started",1,76490,76490,2025-11-26,2025-12-25
"RMODA - BSD || TOF || ABO || Winning ADS & ADSET include report MOM || 15/12/25 (Drop Pin + R-LT)",OUTCOME_SALES,"Instagram Stories",instagram,"SPPF || Ads 1 || 15/12/25;...and 3 more ads",active,campaign,2096,36272.42366412,2736,27787.64619883,1.30534351,39,61,2.22953216,1246.3442623,1.4254386,1949.41025641,39,,1,76027,4,19006.75,"Messaging conversations started",1,76027,76027,2025-11-26,2025-12-25
"RMODA - BSD || TOF || ABO || Traffic  || 17/12/25 - [ New Creative ]",LINK_CLICKS,"Instagram Stories",instagram,"Ads ppf 2",active,campaign,1003,75641.07676969,1571,48292.80712922,1.5663011,21,34,2.16422661,2231.41176471,1.3367282,3612.76190476,21,,4,18967,0,,"Messaging conversations started",4,18967,75868,2025-11-26,2025-12-25
"RMODA - BSD || TOF || ABO || Winning ADS & ADSET include report MOM || 15/12/25 (Drop Pin + R-LT)",OUTCOME_SALES,"Instagram Reels",instagram,"NCC || BOF || Ads 2 || 15/12/25 (manual upload);...and 3 more ads",active,campaign,1939,37552.86230015,2276,31992.53075571,1.17380093,5,18,0.79086116,4045.27777778,0.21968366,14563,5,,,,0,,,,,72815,2025-11-26,2025-12-25
"RMODA - BSD || TOF || ABO || Traffic  || 17/12/25 - [ New Creative ]",LINK_CLICKS,Feed,instagram,"Ads ppf 3",active,campaign,480,143350,698,98578.7965616,1.45416667,1,7,1.00286533,9829.71428571,0.14326648,68808,1,,1,68808,0,,"Messaging conversations started",1,68808,68808,2025-11-26,2025-12-25
"RMODA - BSD || TOF || ABO || Traffic  || 17/12/25 - [ New Creative ]",LINK_CLICKS,"Instagram Stories",instagram,"Ads ppf 3",active,campaign,811,82706.5351418,1389,48290.13678906,1.71270037,17,28,2.01583873,2395.53571429,1.22390209,3945.58823529,17,,8,8384.375,0,,"Messaging conversations started",8,8384.375,67075,2025-11-26,2025-12-25
"RMODA - BSD || TOF || CBO || Winning ADS & ADSET include report MOM || 30/11/25 (Drop Pin + R-LT)",OUTCOME_SALES,Feed,instagram,"ADS 1 || 30/11/25;...and 3 more ads",active,campaign,762,86611.54855643,913,72286.966046,1.19816273,5,22,2.40963855,2999.90909091,0.54764513,13199.6,5,,1,65998,1,65998,"Messaging conversations started",1,65998,65998,2025-11-26,2025-12-25
"RMODA - BSD || TOF || ABO || Winning ADS & ADSET include report MOM || 15/12/25 (Drop Pin + R-LT)",OUTCOME_SALES,"Instagram Reels",instagram,"ADS 1 || 15/12/25;...and 3 more ads",active,campaign,1152,56113.71527778,1306,49496.93721286,1.13368056,7,45,3.44563553,1436.51111111,0.53598775,9234.71428571,7,,8,8080.375,4,16160.75,"Messaging conversations started",8,8080.375,64643,2025-11-26,2025-12-25
"RMODA - BSD || TOF || CBO || Winning ADS & ADSET include report MOM || 30/11/25 (Drop Pin + R-LT)",OUTCOME_SALES,Feed,instagram,"NCC || BOF || Ads 2 || 30/11/25 (manual upload);...and 3 more ads",active,campaign,640,98614.0625,729,86574.75994513,1.1390625,2,6,0.82304527,10518.83333333,0.27434842,31556.5,2,,2,31556.5,1,63113,"Messaging conversations started",2,31556.5,63113,2025-11-26,2025-12-25
"RMODA - BSD || MOF || CBO || Traffic || UGC || 31/10/25 (RT All Engaged IG)",LINK_CLICKS,Feed,instagram,"UGC || Ads 2 || 31/10/25 (manual upload);...and 1 more ad",inactive,campaign,817,74779.68176255,910,67137.36263736,1.11383109,2,6,0.65934066,10182.5,0.21978022,30547.5,1,,,,1,61095,,,,61095,2025-11-26,2025-12-25
"RMODA - BSD || TOF || ABO || Traffic  || 17/12/25 - [ New Creative ]",LINK_CLICKS,"Instagram Stories",instagram,"Ads ppf 1",active,campaign,857,70945.15752625,1530,39738.5620915,1.78529755,10,14,0.91503268,4342.85714286,0.65359477,6080,10,,2,30400,1,60800,"Messaging conversations started",2,30400,60800,2025-11-26,2025-12-25
"RMODA - BSD || TOF || ABO || Traffic  || 17/12/25 - [ New Creative ]",LINK_CLICKS,Feed,instagram,"Ads ppf 1",active,campaign,580,104351.72413793,783,77297.5734355,1.35,3,7,0.89399745,8646.28571429,0.38314176,20174.66666667,3,,1,60524,0,,"Messaging conversations started",1,60524,60524,2025-11-26,2025-12-25
"RMODA - BSD || MOF || CBO || Traffic || UGC || 31/10/25 (RT All Engaged IG)",LINK_CLICKS,"Instagram Stories",instagram,"UGC || Ads 1 || 31/10/25 (manual upload);...and 1 more ad",inactive,campaign,704,84686.07954545,1068,55823.03370787,1.51704545,6,15,1.40449438,3974.6,0.56179775,9936.5,6,,1,59619,0,,"Messaging conversations started",1,59619,59619,2025-11-26,2025-12-25
"RMODA - BSD || TOF || ABO || Traffic  || 17/12/25 - [ New Creative ]",LINK_CLICKS,"Instagram Reels",instagram,"Ads ppf 1",active,campaign,961,61884.49531738,1183,50271.34404057,1.23100937,3,9,0.76077768,6607.88888889,0.25359256,19823.66666667,3,,2,29735.5,0,,"Messaging conversations started",2,29735.5,59471,2025-11-26,2025-12-25
"RMODA - BSD || TOF || ABO || Winning ADS & ADSET include report MOM || 15/12/25 (Drop Pin + R-LT)",OUTCOME_SALES,Feed,instagram,"NCC || BOF || Ads 2 || 15/12/25 (manual upload);...and 3 more ads",active,campaign,1507,39411.41340411,1737,34192.86125504,1.1526211,2,11,0.63327576,5399.36363636,0.11514105,29696.5,2,,2,29696.5,0,,"Messaging conversations started",2,29696.5,59393,2025-11-26,2025-12-25
"RMODA - BSD || TOF || CBO || Winning ADS & ADSET include report MOM || 30/11/25 (Drop Pin + R-LT)",OUTCOME_SALES,"Instagram Reels",instagram,"before after_satisfiying_reels || 30/11/25;...and 3 more ads",active,campaign,697,80638.45050215,881,63796.82179342,1.26398852,3,21,2.38365494,2676.42857143,0.34052213,18735,3,,1,56205,3,18735,"Messaging conversations started",1,56205,56205,2025-11-26,2025-12-25
"RMODA - BSD || TOF || CBO || Winning ADS & ADSET include report MOM || 30/11/25 (Drop Pin + R-LT)",OUTCOME_SALES,"Instagram Stories",instagram,"before after_satisfiying_reels || 30/11/25;...and 3 more ads",active,campaign,791,70724.39949431,1331,42030.80390684,1.68268015,11,21,1.57776108,2663.95238095,0.82644628,5085.72727273,11,,,,1,55943,,,,55943,2025-11-26,2025-12-25
"RMODA - BSD || TOF || ABO || Sales || Collaboration Post & Manual Upload || 6/12/25",OUTCOME_SALES,Feed,instagram,"Ads 5 - (carousel, nano ceramic, auto detailing",active,campaign,969,55278.6377709,1363,39299.33969186,1.40660475,5,12,0.88041086,4463.75,0.36683786,10713,5,,1,53565,0,,"Messaging conversations started",1,53565,53565,2025-11-26,2025-12-25
"RMODA - BSD || TOF || CBO || Winning ADS & ADSET include report MOM || 30/11/25 (Drop Pin + R-LT)",OUTCOME_SALES,"Instagram Stories",instagram,"NCC || BOF || Ads 2 || 30/11/25 (manual upload);...and 3 more ads",active,campaign,778,66948.58611825,1086,47961.32596685,1.39588689,3,5,0.46040516,10417.2,0.27624309,17362,3,,,,0,,,,,52086,2025-11-26,2025-12-25
"RMODA - BSD || TOF || CBO || Winning ADS & ADSET include report MOM || 30/11/25 (Drop Pin + R-LT)",OUTCOME_SALES,"Instagram Stories",instagram,"ADS 1 || 30/11/25;...and 3 more ads",active,campaign,1074,48418.99441341,1285,40468.48249027,1.19646182,5,21,1.63424125,2476.28571429,0.38910506,10400.4,5,,,,0,,,,,52002,2025-11-26,2025-12-25
"RMODA - BSD || TOF || CBO || Winning ADS & ADSET include report MOM || 30/11/25 (Drop Pin + R-LT)",OUTCOME_SALES,"Instagram Reels",instagram,"UGC || Ads 1 || 30/11/25 (manual upload);...and 3 more ads",active,campaign,795,63833.96226415,886,57277.6523702,1.11446541,5,10,1.12866817,5074.8,0.56433409,10149.6,5,,2,25374,3,16916,"Messaging conversations started",2,25374,50748,2025-11-26,2025-12-25
"RMODA - BSD || TOF || ABO || Traffic  || 17/12/25 - [ New Creative ]",LINK_CLICKS,"Instagram Reels",instagram,"Ads ppf 2",active,campaign,980,51534.69387755,1145,44108.29694323,1.16836735,2,11,0.96069869,4591.27272727,0.17467249,25252,2,,,,0,,,,,50504,2025-11-26,2025-12-25
"RMODA - BSD || TOF || ABO || Winning ADS & ADSET include report MOM || 15/12/25 (Drop Pin + R-LT)",OUTCOME_SALES,"Instagram Stories",instagram,"NCC || BOF || Ads 2 || 15/12/25 (manual upload);...and 3 more ads",active,campaign,1173,42460.35805627,1606,31012.45330012,1.36913896,7,12,0.74719801,4150.5,0.4358655,7115.14285714,7,,1,49806,0,,"Messaging conversations started",1,49806,49806,2025-11-26,2025-12-25
"RMODA - BSD || TOF || CBO || Winning ADS & ADSET include report MOM || 30/11/25 (Drop Pin + R-LT)",OUTCOME_SALES,Feed,instagram,"before after_satisfiying_reels || 30/11/25;...and 3 more ads",active,campaign,553,88314.64737794,774,63098.19121447,1.39963834,3,15,1.9379845,3255.86666667,0.3875969,16279.33333333,2,,2,24419,1,48838,"Messaging conversations started",2,24419,48838,2025-11-26,2025-12-25
"RMODA - BSD || TOF || ABO || Sales || Collaboration Post & Manual Upload || 6/12/25",OUTCOME_SALES,"Instagram Stories",instagram,"Ads 1 - (PPF, before-after, benefit ppf);...and 2 more ads",active,campaign,1307,36797.24560061,1699,28307.23955268,1.29992349,21,23,1.35373749,2091.04347826,1.23602119,2290.19047619,21,,1,48094,0,,"Messaging conversations started",1,48094,48094,2025-11-26,2025-12-25
"RMODA - BSD || TOF || ABO || Sales || Collaboration Post & Manual Upload || 6/12/25",OUTCOME_SALES,"Instagram Stories",instagram,"Ads 3 - (carousel, ceramic coating);...and 1 more ad",active,campaign,1056,44942.23484848,1366,34743.04538799,1.29356061,3,10,0.73206442,4745.9,0.21961933,15819.66666667,3,,,,0,,,,,47459,2025-11-26,2025-12-25
"RMODA - BSD || TOF || ABO || Traffic  || 17/12/25 - [ New Creative ]",LINK_CLICKS,Feed,instagram,"Ads ppf 2",active,campaign,485,97705.15463918,605,78325.61983471,1.24742268,2,5,0.82644628,9477.4,0.33057851,23693.5,1,,2,23693.5,0,,"Messaging conversations started",2,23693.5,47387,2025-11-26,2025-12-25
"RMODA - BSD || TOF || ABO || Winning ADS & ADSET include report MOM || 15/12/25 (Drop Pin + R-LT)",OUTCOME_SALES,Feed,instagram,"ADS 1 || 15/12/25;...and 3 more ads",active,campaign,800,58620,944,49677.96610169,1.18,4,19,2.01271186,2468.21052632,0.42372881,11724,4,,2,23448,2,23448,"Messaging conversations started",2,23448,46896,2025-11-26,2025-12-25
"RMODA - BSD || TOF || ABO || Traffic  || 17/12/25 - [ New Creative ]",LINK_CLICKS,"Instagram Reels",instagram,"Ads ppf 3",active,campaign,616,69975.64935065,743,58014.80484522,1.20616883,1,5,0.67294751,8621,0.1345895,43105,1,,,,0,,,,,43105,2025-11-26,2025-12-25
"RMODA - BSD || TOF || ABO || Sales || Collaboration Post & Manual Upload || 6/12/25",OUTCOME_SALES,"Instagram Reels",instagram,"Ads 3 - (carousel, ceramic coating);...and 1 more ad",active,campaign,1236,34584.14239482,1437,29746.69450244,1.16262136,5,8,0.55671538,5343.25,0.34794711,8549.2,5,,2,21373,0,,"Messaging conversations started",2,21373,42746,2025-11-26,2025-12-25
"RMODA - BSD || TOF || ABO || Traffic || Collaboration Post || 6/12/25 - [ Visit Profile ]",LINK_CLICKS,Feed,instagram,"Ads 2 - @hobibarbar;...and 2 more ads",active,campaign,6893,5604.23618163,9195,4201.19630234,1.33396199,57,216,2.34910277,178.84259259,0.61990212,677.71929825,,,,,4,9657.5,"Instagram profile visits",70,551.85714286,38630,2025-11-26,2025-12-25
"RMODA - BSD || TOF || ABO || Sales || Collaboration Post & Manual Upload || 6/12/25",OUTCOME_SALES,Feed,instagram,"Ads 5 - (carousel, nano ceramic, auto detailing;...and 1 more ad",active,campaign,964,38241.70124481,1179,31268.02374894,1.22302905,10,14,1.18744699,2633.21428571,0.84817642,3686.5,10,,2,18432.5,0,,"Messaging conversations started",2,18432.5,36865,2025-11-26,2025-12-25
"RMODA - BSD || TOF || ABO || Winning ADS & ADSET include report MOM || 15/12/25 (Drop Pin + R-LT)",OUTCOME_SALES,"Instagram Reels",instagram,"UGC || Ads 1 || 15/12/25 (manual upload); UGC || Ads 2 || 15/12/25 (manual upload);...and 2 more ads",active,campaign,782,45031.96930946,848,41527.12264151,1.08439898,1,7,0.8254717,5030.71428571,0.11792453,35215,1,,1,35215,0,,"Messaging conversations started",1,35215,35215,2025-11-26,2025-12-25
"RMODA - BSD || TOF || ABO || Winning ADS & ADSET include report MOM || 15/12/25 (Drop Pin + R-LT)",OUTCOME_SALES,"Instagram Stories",instagram,"ADS 1 || 15/12/25;...and 3 more ads",active,campaign,948,37144.51476793,1208,29149.83443709,1.2742616,7,27,2.23509934,1304.18518519,0.5794702,5030.42857143,7,,,,2,17606.5,,,,35213,2025-11-26,2025-12-25
"RMODA - BSD || TOF || ABO || Traffic || Collaboration Post || 6/12/25 - [ Visit Profile ]",LINK_CLICKS,"Instagram Stories",instagram,"Ads 1 - 19/12/25;...and 2 more ads",active,campaign,4371,7660.03202928,5089,6579.28866182,1.16426447,167,158,3.1047357,211.91139241,3.28158774,200.49101796,,,,,4,8370.5,"Instagram profile visits",172,194.6627907,33482,2025-11-26,2025-12-25
"RMODA - BSD || TOF || ABO || Sales || Collaboration Post & Manual Upload || 6/12/25",OUTCOME_SALES,"Instagram Stories",instagram,"Ads 5 - (carousel, nano ceramic, auto detailing",active,campaign,814,36023.34152334,1088,26951.28676471,1.33660934,4,9,0.82720588,3258.11111111,0.36764706,7330.75,4,,,,0,,,,,29323,2025-11-26,2025-12-25
"RMODA - BSD || TOF || ABO || Sales || Collaboration Post & Manual Upload || 6/12/25",OUTCOME_SALES,"Instagram Reels",instagram,"Ads 1 - (PPF, before-after, benefit ppf);...and 2 more ads",active,campaign,547,52020.10968921,611,46571.19476268,1.11700183,2,3,0.49099836,9485,0.32733224,14227.5,2,,1,28455,0,,"Messaging conversations started",1,28455,28455,2025-11-26,2025-12-25
"RMODA - BSD || TOF || ABO || Sales || Collaboration Post & Manual Upload || 6/12/25",OUTCOME_SALES,"Instagram Stories",instagram,"Ads 5 - (carousel, nano ceramic, auto detailing;...and 1 more ad",active,campaign,1095,24438.35616438,1309,20443.08632544,1.19543379,6,11,0.84033613,2432.72727273,0.45836516,4460,6,,2,13380,1,26760,"Messaging conversations started",2,13380,26760,2025-11-26,2025-12-25
"RMODA - BSD || TOF || ABO || Sales || Collaboration Post & Manual Upload || 6/12/25",OUTCOME_SALES,"Instagram Reels",instagram,"Ads 5 - (carousel, nano ceramic, auto detailing",active,campaign,763,33393.18479685,902,28247.22838137,1.18217562,4,12,1.33037694,2123.25,0.44345898,6369.75,4,,,,0,,,,,25479,2025-11-26,2025-12-25
"RMODA - BSD || TOF || ABO || Winning ADS & ADSET include report MOM || 15/12/25 (Drop Pin + R-LT)",OUTCOME_SALES,"Instagram Reels",instagram,"UGC || Ads 2 || 15/12/25 (manual upload);...and 3 more ads",active,campaign,530,47864.1509434,545,46546.78899083,1.02830189,3,17,3.11926606,1492.23529412,0.55045872,8456,3,,,,0,,,,,25368,2025-11-26,2025-12-25
"RMODA - BSD || TOF || ABO || Sales || Collaboration Post & Manual Upload || 6/12/25",OUTCOME_SALES,Feed,instagram,"Ads 1 - (PPF, before-after, benefit ppf);...and 2 more ads",active,campaign,362,69737.56906077,418,60394.73684211,1.15469613,1,2,0.4784689,12622.5,0.23923445,25245,,,,,0,,,,,25245,2025-11-26,2025-12-25
"RMODA - BSD || BOF || CBO || Sales || 20/11/25 - Brief Creative - VS 1",OUTCOME_SALES,"Instagram Reels",instagram,"PPF || BOF || Ads 3 || 17/11/25 (manual upload);...and 1 more ad",inactive,campaign,470,51544.68085106,519,46678.22736031,1.10425532,,9,1.73410405,2691.77777778,,,,,,,0,,,,,24226,2025-11-26,2025-12-25
"RMODA - BSD || TOF || ABO || Sales || Collaboration Post & Manual Upload || 6/12/25",OUTCOME_SALES,Feed,instagram,"Ads 2 - (before- after, ceramic coating);...and 2 more ads",active,campaign,403,57593.05210918,477,48658.28092243,1.18362283,3,4,0.83857442,5802.5,0.62893082,7736.66666667,3,,2,11605,0,,"Messaging conversations started",2,11605,23210,2025-11-26,2025-12-25
"RMODA - BSD || TOF || ABO || Sales || Collaboration Post & Manual Upload || 6/12/25",OUTCOME_SALES,"Instagram Reels",instagram,"Ads 2 - (before- after, ceramic coating);...and 2 more ads",active,campaign,537,42115.45623836,590,38332.20338983,1.09869646,2,7,1.18644068,3230.85714286,0.33898305,11308,2,,1,22616,1,22616,"Messaging conversations started",1,22616,22616,2025-11-26,2025-12-25
"RMODA - BSD || TOF || ABO || Traffic || Collaboration Post || 6/12/25 - [ Visit Profile ]",LINK_CLICKS,Feed,instagram,"Ads 3 - (visit profile, sppf);...and 2 more ads",active,campaign,5163,4306.99205888,6203,3584.8782847,1.20143328,143,139,2.2408512,159.97841727,2.30533613,155.5034965,,,,,5,4447.4,"Instagram profile visits",163,136.42331288,22237,2025-11-26,2025-12-25
"RMODA - BSD || TOF || ABO || Sales || Collaboration Post & Manual Upload || 6/12/25",OUTCOME_SALES,"Instagram Stories",instagram,"Ads 2 - (before- after, ceramic coating);...and 2 more ads",active,campaign,560,39551.78571429,762,29066.92913386,1.36071429,3,5,0.65616798,4429.8,0.39370079,7383,3,,2,11074.5,0,,"Messaging conversations started",2,11074.5,22149,2025-11-26,2025-12-25
"RMODA - BSD || TOF || ABO || Traffic || Collaboration Post || 6/12/25 - [ Visit Profile ]",LINK_CLICKS,Feed,instagram,"Ads 1 - 19/12/25;...and 2 more ads",active,campaign,2979,7396.10607586,3607,6108.40033269,1.210809,111,108,2.99417799,204.00925926,3.0773496,198.4954955,,,,,9,2448.11111111,"Instagram profile visits",117,188.31623932,22033,2025-11-26,2025-12-25
"RMODA - BSD || TOF || ABO || Sales || Collaboration Post & Manual Upload || 6/12/25",OUTCOME_SALES,"Instagram Reels",instagram,"Ads 5 - (carousel, nano ceramic, auto detailing;...and 1 more ad",active,campaign,1240,17474.19354839,1414,15323.90381895,1.14032258,3,10,0.70721358,2166.8,0.21216407,7222.66666667,3,,1,21668,0,,"Messaging conversations started",1,21668,21668,2025-11-26,2025-12-25
"RMODA - BSD || TOF || ABO || Winning ADS & ADSET include report MOM || 15/12/25 (Drop Pin + R-LT)",OUTCOME_SALES,"Instagram Stories",instagram,"UGC || Ads 2 || 15/12/25 (manual upload);...and 3 more ads",active,campaign,591,33015.2284264,659,29608.49772382,1.11505922,12,17,2.57966616,1147.76470588,1.82094082,1626,12,,1,19512,0,,"Messaging conversations started",1,19512,19512,2025-11-26,2025-12-25
"RMODA - BSD || TOF || ABO || Winning ADS & ADSET include report MOM || 15/12/25 (Drop Pin + R-LT)",OUTCOME_SALES,"Instagram Stories",instagram,"before after_satisfiying_reels || 15/12/25;...and 3 more ads",active,campaign,436,39176.60550459,581,29399.31153184,1.33256881,6,12,2.06540448,1423.41666667,1.03270224,2846.83333333,6,,,,0,,,,,17081,2025-11-26,2025-12-25
"RMODA - BSD || TOF || ABO || Winning ADS & ADSET include report MOM || 15/12/25 (Drop Pin + R-LT)",OUTCOME_SALES,Feed,instagram,"UGC || Ads 1 || 15/12/25 (manual upload); UGC || Ads 2 || 15/12/25 (manual upload);...and 2 more ads",active,campaign,470,34682.9787234,537,30355.67970205,1.14255319,1,10,1.86219739,1630.1,0.18621974,16301,1,,2,8150.5,1,16301,"Messaging conversations started",2,8150.5,16301,2025-11-26,2025-12-25
"RMODA - BSD || TOF || CBO || Winning ADS & ADSET include report MOM || 30/11/25 (Drop Pin + R-LT)",OUTCOME_SALES,Feed,instagram,"UGC || Ads 1 || 30/11/25 (manual upload);...and 3 more ads",active,campaign,219,70004.56621005,247,62068.82591093,1.12785388,,2,0.8097166,7665.5,,,,,,,0,,,,,15331,2025-11-26,2025-12-25
"RMODA - BSD || BOF || CBO || Sales || 20/11/25 - Brief Creative - VS 1",OUTCOME_SALES,Explore,instagram,"NCC || BOF || Ads 2 || 17/11/25 (manual upload);...and 2 more ads",inactive,campaign,381,36083.98950131,473,29065.53911205,1.24146982,,0,,,,,,,,,0,,,,,13748,2025-11-26,2025-12-25
"RMODA - BSD || TOF || ABO || Winning ADS & ADSET include report MOM || 15/12/25 (Drop Pin + R-LT)",OUTCOME_SALES,Feed,instagram,"UGC || Ads 2 || 15/12/25 (manual upload);...and 3 more ads",active,campaign,393,34218.82951654,437,30773.45537757,1.11195929,1,6,1.37299771,2241.33333333,0.22883295,13448,1,,1,13448,1,13448,"Messaging conversations started",1,13448,13448,2025-11-26,2025-12-25
"RMODA - BSD || TOF || ABO || Winning ADS & ADSET include report MOM || 15/12/25 (Drop Pin + R-LT)",OUTCOME_SALES,Feed,instagram,"before after_satisfiying_reels || 15/12/25;...and 3 more ads",active,campaign,292,41448.63013699,356,33997.19101124,1.21917808,,6,1.68539326,2017.16666667,,,,,1,12103,0,,"Messaging conversations started",1,12103,12103,2025-11-26,2025-12-25
"RMODA - BSD || TOF || ABO || Sales || Collaboration Post & Manual Upload || 6/12/25",OUTCOME_SALES,Feed,instagram,"Ads 3 - (carousel, ceramic coating)",active,campaign,353,34240.79320113,379,31891.82058047,1.07365439,2,5,1.31926121,2417.4,0.52770449,6043.5,2,,,,0,,,,,12087,2025-11-26,2025-12-25
"RMODA - BSD || BOF || CBO || Sales || 20/11/25 - Brief Creative - VS 1",OUTCOME_SALES,"Instagram Stories",instagram,"PPF || BOF || Ads 3 || 17/11/25 (manual upload);...and 1 more ad",inactive,campaign,343,32294.4606414,429,25820.51282051,1.25072886,5,6,1.3986014,1846.16666667,1.16550117,2215.4,5,,,,0,,,,,11077,2025-11-26,2025-12-25
"RMODA - BSD || BOF || CBO || Sales || 20/11/25 - Brief Creative - VS 1",OUTCOME_SALES,Feed,instagram,"PPF || BOF || Ads 3 || 17/11/25 (manual upload);...and 1 more ad",inactive,campaign,232,45392.24137931,265,39739.62264151,1.14224138,,2,0.75471698,5265.5,,,,,,,0,,,,,10531,2025-11-26,2025-12-25
"RMODA - BSD || TOF || CBO || Winning ADS & ADSET include report MOM || 30/11/25 (Drop Pin + R-LT)",OUTCOME_SALES,"Instagram Stories",instagram,"UGC || Ads 1 || 30/11/25 (manual upload);...and 3 more ads",active,campaign,190,53605.26315789,236,43156.77966102,1.24210526,1,4,1.69491525,2546.25,0.42372881,10185,1,,1,10185,0,,"Messaging conversations started",1,10185,10185,2025-11-26,2025-12-25
"RMODA - BSD || BOF || CBO || Sales || 20/11/25 - Brief Creative - VS 1",OUTCOME_SALES,"Explore home",instagram,"NCC || BOF || Ads 2 || 17/11/25 (manual upload);...and 2 more ads",inactive,campaign,730,13361.64383562,885,11021.46892655,1.21232877,1,4,0.4519774,2438.5,0.11299435,9754,1,,,,0,,,,,9754,2025-11-26,2025-12-25
"RMODA - BSD || TOF || ABO || Winning ADS & ADSET include report MOM || 15/12/25 (Drop Pin + R-LT)",OUTCOME_SALES,"Instagram Reels",instagram,"before after_satisfiying_reels || 15/12/25;...and 3 more ads",active,campaign,240,35808.33333333,271,31712.17712177,1.12916667,,2,0.73800738,4297,,,,,,,0,,,,,8594,2025-11-26,2025-12-25
"RMODA - BSD || TOF || ABO || Winning ADS & ADSET include report MOM || 15/12/25 (Drop Pin + R-LT)",OUTCOME_SALES,"Instagram Stories",instagram,"UGC || Ads 1 || 15/12/25 (manual upload); UGC || Ads 2 || 15/12/25 (manual upload);...and 2 more ads",active,campaign,276,29282.60869565,352,22960.22727273,1.27536232,,1,0.28409091,8082,,,,,,,0,,,,,8082,2025-11-26,2025-12-25
"RMODA - BSD || TOF || ABO || Sales || Collaboration Post & Manual Upload || 6/12/25",OUTCOME_SALES,"Instagram Reels",instagram,"Ads 3 - (carousel, ceramic coating)",active,campaign,177,44282.48587571,181,43303.86740331,1.02259887,2,2,1.10497238,3919,1.10497238,3919,2,,1,7838,0,,"Messaging conversations started",1,7838,7838,2025-11-26,2025-12-25
"RMODA - BSD || TOF || ABO || Sales || Collaboration Post & Manual Upload || 6/12/25",OUTCOME_SALES,Status,whatsapp,"Ads 5 - (carousel, nano ceramic, auto detailing;...and 1 more ad",active,campaign,4328,1756.23844732,4328,1756.23844732,1,9,25,0.57763401,304.04,0.20794824,844.55555556,,,2,3800.5,0,,"Messaging conversations started",2,3800.5,7601,2025-11-26,2025-12-25
"RMODA - BSD || MOF || CBO || Traffic || UGC || 31/10/25 (RT All Engaged IG)",LINK_CLICKS,"Instagram Stories",instagram,"UGC || Ads 2 || 31/10/25 (manual upload)",inactive,campaign,178,41949.43820225,184,40581.52173913,1.03370787,3,5,2.7173913,1493.4,1.63043478,2489,3,,,,1,7467,,,,7467,2025-11-26,2025-12-25
"RMODA - BSD || MOF || CBO || Traffic || UGC || 31/10/25 (RT All Engaged IG)",LINK_CLICKS,"Instagram Reels",instagram,"UGC || Ads 2 || 31/10/25 (manual upload)",inactive,campaign,164,39323.17073171,164,39323.17073171,1,,2,1.2195122,3224.5,,,,,,,0,,,,,6449,2025-11-26,2025-12-25
"RMODA - BSD || TOF || ABO || Sales || Collaboration Post & Manual Upload || 6/12/25",OUTCOME_SALES,Status,whatsapp,"Ads 5 - (carousel, nano ceramic, auto detailing",active,campaign,2301,2783.13776619,2312,2769.89619377,1.00478053,3,9,0.38927336,711.55555556,0.12975779,2134.66666667,,,1,6404,0,,"Messaging conversations started",1,6404,6404,2025-11-26,2025-12-25
"RMODA - BSD || TOF || ABO || Sales || Collaboration Post & Manual Upload || 6/12/25",OUTCOME_SALES,Status,whatsapp,"Ads 4 - (SPPF, Ordinar car);...and 2 more ads",active,campaign,865,7233.52601156,867,7216.83967705,1.00231214,2,3,0.34602076,2085.66666667,0.23068051,3128.5,,,1,6257,0,,"Messaging conversations started",1,6257,6257,2025-11-26,2025-12-25
"RMODA - BSD || BOF || CBO || Sales || 17/11/25 - Brief Creative",OUTCOME_SALES,Explore,instagram,"NCC || BOF || Ads 2 || 17/11/25 (manual upload); NCC || BOF || Ads 2 || 17/11/25 (manual upload) - Copy;...and 2 more ads",inactive,campaign,189,31285.71428571,216,27375,1.14285714,,1,0.46296296,5913,,,,,,,0,,,,,5913,2025-11-26,2025-12-25
"RMODA - BSD || MOF || CBO || Traffic || UGC || 31/10/25 (RT All Engaged IG)",LINK_CLICKS,Feed,instagram,"UGC || Ads 2 || 31/10/25 (manual upload)",inactive,campaign,111,48045.04504505,115,46373.91304348,1.03603604,2,3,2.60869565,1777.66666667,1.73913043,2666.5,2,,,,0,,,,,5333,2025-11-26,2025-12-25
"RMODA - BSD || TOF || ABO || Sales || Collaboration Post & Manual Upload || 6/12/25",OUTCOME_SALES,"Instagram Stories",instagram,"Ads 3 - (carousel, ceramic coating)",active,campaign,153,31888.88888889,164,29750,1.07189542,1,3,1.82926829,1626.33333333,0.6097561,4879,1,,1,4879,0,,"Messaging conversations started",1,4879,4879,2025-11-26,2025-12-25
"RMODA - BSD || MOF || CBO || Traffic || SPPF || 31/10/25 (RT All Engaged IG)",LINK_CLICKS,Explore,instagram,"SPPF || Ads 1 || 31/10/25;...and 3 more ads",inactive,campaign,71,48633.8028169,76,45434.21052632,1.07042254,1,2,2.63157895,1726.5,1.31578947,3453,1,,,,0,,,,,3453,2025-11-26,2025-12-25
"RMODA - BSD || BOF || CBO || Sales || 17/11/25 - Brief Creative",OUTCOME_SALES,"Explore home",instagram,"NCC || BOF || Ads 2 || 17/11/25 (manual upload); NCC || BOF || Ads 2 || 17/11/25 (manual upload) - Copy;...and 2 more ads",inactive,campaign,397,8322.41813602,483,6840.57971014,1.21662469,,1,0.20703934,3304,,,,,,,0,,,,,3304,2025-11-26,2025-12-25
"RMODA - BSD || BOF || CBO || Sales || 17/11/25 - Brief Creative",OUTCOME_SALES,Feed,instagram,"PPF || BOF || Ads 3 || 17/11/25 (manual upload);...and 2 more ads",inactive,campaign,41,66121.95121951,44,61613.63636364,1.07317073,,0,,,,,,,,,0,,,,,2711,2025-11-26,2025-12-25
"RMODA - BSD || TOF || CBO || BROAD || 23/11/25",OUTCOME_SALES,Explore,instagram,"ADS 1;...and 2 more ads",inactive,campaign,20,118050,21,112428.57142857,1.05,,1,4.76190476,2361,,,,,,,0,,,,,2361,2025-11-26,2025-12-25
"RMODA - BSD || BOF || CBO || Sales || 17/11/25 - Brief Creative",OUTCOME_SALES,"Instagram Stories",instagram,"PPF || BOF || Ads 3 || 17/11/25 (manual upload);...and 2 more ads",inactive,campaign,61,35409.83606557,66,32727.27272727,1.08196721,,1,1.51515152,2160,,,,,,,0,,,,,2160,2025-11-26,2025-12-25
"RMODA - BSD || TOF || ABO || Sales || Collaboration Post & Manual Upload || 6/12/25",OUTCOME_SALES,Explore,instagram,"Ads 4 - (SPPF, Ordinar car);...and 2 more ads",active,campaign,37,51594.59459459,37,51594.59459459,1,,1,2.7027027,1909,,,,,,,0,,,,,1909,2025-11-26,2025-12-25
"RMODA - BSD || MOF || CBO || Traffic || UGC || 31/10/25 (RT All Engaged IG)",LINK_CLICKS,Explore,instagram,"UGC || Ads 1 || 31/10/25 (manual upload);...and 1 more ad",inactive,campaign,20,63100,29,43517.24137931,1.45,,0,,,,,,,,,0,,,,,1262,2025-11-26,2025-12-25
"RMODA - BSD || BOF || CBO || Sales || 20/11/25 - Brief Creative - VS 1",OUTCOME_SALES,Feed,instagram,"NCC || BOF || Ads 1 || 17/11/25 (manual upload);...and 1 more ad",inactive,campaign,28,39928.57142857,28,39928.57142857,1,,0,,,,,,,,,0,,,,,1118,2025-11-26,2025-12-25
"RMODA - BSD || BOF || CBO || Sales || 17/11/25 - Brief Creative",OUTCOME_SALES,"Instagram Reels",instagram,"NCC || BOF || Ads 1 || 17/11/25 (manual upload);...and 2 more ads",inactive,campaign,7,134000,7,134000,1,,0,,,,,,,,,0,,,,,938,2025-11-26,2025-12-25
"RMODA - BSD || TOF || ABO || Sales || Collaboration Post & Manual Upload || 6/12/25",OUTCOME_SALES,Status,whatsapp,"Ads 2 - (before- after, ceramic coating);...and 2 more ads",active,campaign,322,2822.98136646,322,2822.98136646,1,,0,0,,,,,,,,0,,,,,909,2025-11-26,2025-12-25
"RMODA - BSD || BOF || CBO || Sales || 20/11/25 - Brief Creative - VS 1",OUTCOME_SALES,"Instagram Stories",instagram,"NCC || BOF || Ads 1 || 17/11/25 (manual upload);...and 1 more ad",inactive,campaign,29,29000,32,26281.25,1.10344828,,0,,,,,,,,,0,,,,,841,2025-11-26,2025-12-25
"RMODA - BSD || TOF || ABO || Sales || Collaboration Post & Manual Upload || 6/12/25",OUTCOME_SALES,"Explore home",instagram,"Ads 4 - (SPPF, Ordinar car);...and 2 more ads",active,campaign,90,9277.77777778,110,7590.90909091,1.22222222,,1,0.90909091,835,,,,,,,0,,,,,835,2025-11-26,2025-12-25
"RMODA - BSD || BOF || CBO || Sales || 17/11/25 - Brief Creative",OUTCOME_SALES,"Instagram Stories",instagram,"NCC || BOF || Ads 1 || 17/11/25 (manual upload);...and 2 more ads",inactive,campaign,24,31875,27,28333.33333333,1.125,,0,,,,,,,,,0,,,,,765,2025-11-26,2025-12-25
"RMODA - BSD || BOF || CBO || Sales || 17/11/25 - Brief Creative",OUTCOME_SALES,Feed,instagram,"NCC || BOF || Ads 1 || 17/11/25 (manual upload);...and 2 more ads",inactive,campaign,23,28391.30434783,24,27208.33333333,1.04347826,,0,,,,,,,,,0,,,,,653,2025-11-26,2025-12-25
"RMODA - BSD || TOF || ABO || Traffic || Collaboration Post || 6/12/25 - [ Visit Profile ]",LINK_CLICKS,"Explore home",instagram,"Ads 2 - @hobibarbar;...and 2 more ads",active,campaign,849,716.13663133,981,619.77573904,1.15547703,5,11,1.12130479,55.27272727,0.509684,121.6,,,,,0,,"Instagram profile visits",4,152,608,2025-11-26,2025-12-25
"RMODA - BSD || TOF || ABO || Traffic || Collaboration Post || 6/12/25 - [ Visit Profile ]",LINK_CLICKS,Explore,instagram,"Ads 3 - (visit profile, sppf);...and 2 more ads",active,campaign,187,3240.64171123,231,2623.37662338,1.23529412,1,1,0.43290043,606,0.43290043,606,,,,,0,,"Instagram profile visits",1,606,606,2025-11-26,2025-12-25
"RMODA - BSD || BOF || CBO || Sales || 17/11/25 - Brief Creative",OUTCOME_SALES,"Instagram Stories",instagram,"SP || BOF || Ads 4 || 17/11/25 (manual upload);...and 2 more ads",inactive,campaign,32,17437.5,35,15942.85714286,1.09375,,0,,,,,,,,,0,,,,,558,2025-11-26,2025-12-25
"RMODA - BSD || BOF || CBO || Sales || 17/11/25 - Brief Creative",OUTCOME_SALES,Feed,instagram,"SP || BOF || Ads 4 || 17/11/25 (manual upload);...and 2 more ads",inactive,campaign,17,30529.41176471,20,25950,1.17647059,,0,,,,,,,,,0,,,,,519,2025-11-26,2025-12-25
"RMODA - BSD || TOF || ABO || Traffic || Collaboration Post || 6/12/25 - [ Visit Profile ]",LINK_CLICKS,"Explore home",instagram,"Ads 3 - (visit profile, sppf);...and 2 more ads",active,campaign,1117,453.89435989,1266,400.47393365,1.13339302,9,8,0.63191153,63.375,0.71090047,56.33333333,,,,,0,,"Instagram profile visits",11,46.09090909,507,2025-11-26,2025-12-25
"RMODA - BSD || TOF || ABO || Traffic  || 17/12/25 - [ New Creative ]",LINK_CLICKS,Explore,instagram,"Ads ppf 2",active,campaign,10,49900,10,49900,1,,0,,,,,,,,,0,,,,,499,2025-11-26,2025-12-25
"RMODA - BSD || TOF || ABO || Traffic || Collaboration Post || 6/12/25 - [ Visit Profile ]",LINK_CLICKS,Explore,instagram,"Ads 2 - @hobibarbar;...and 2 more ads",active,campaign,136,3507.35294118,165,2890.90909091,1.21323529,1,3,1.81818182,159,0.60606061,477,,,,,0,,"Instagram profile visits",1,477,477,2025-11-26,2025-12-25
"RMODA - BSD || TOF || ABO || Sales || Collaboration Post & Manual Upload || 6/12/25",OUTCOME_SALES,Explore,instagram,"Ads 3 - (carousel, ceramic coating);...and 1 more ad",active,campaign,25,18200,26,17500,1.04,,0,0,,,,,,,,0,,,,,455,2025-11-26,2025-12-25
"RMODA - BSD || BOF || CBO || Sales || 17/11/25 - Brief Creative",OUTCOME_SALES,"Instagram Reels",instagram,"PPF || BOF || Ads 3 || 17/11/25 (manual upload);...and 2 more ads",inactive,campaign,14,30357.14285714,14,30357.14285714,1,,0,,,,,,,,,0,,,,,425,2025-11-26,2025-12-25
"RMODA - BSD || BOF || CBO || Sales || 20/11/25 - Brief Creative - VS 1",OUTCOME_SALES,"Instagram Reels",instagram,"NCC || BOF || Ads 1 || 17/11/25 (manual upload);...and 1 more ad",inactive,campaign,14,22000,15,20533.33333333,1.07142857,,0,,,,,,,,,0,,,,,308,2025-11-26,2025-12-25
"RMODA - BSD || MOF || CBO || Traffic || UGC || 31/10/25 (RT All Engaged IG)",LINK_CLICKS,Explore,instagram,"UGC || Ads 2 || 31/10/25 (manual upload);...and 1 more ad",inactive,campaign,9,29222.22222222,9,29222.22222222,1,,0,,,,,,,,,0,,,,,263,2025-11-26,2025-12-25
"RMODA - BSD || TOF || ABO || Traffic  || 17/12/25 - [ New Creative ]",LINK_CLICKS,Explore,instagram,"Ads ppf 1",active,campaign,9,25888.88888889,12,19416.66666667,1.33333333,,0,,,,,,,,,0,,,,,233,2025-11-26,2025-12-25
"RMODA - BSD || BOF || CBO || Sales || 20/11/25 - Brief Creative - VS 1",OUTCOME_SALES,Explore,instagram,"PPF || BOF || Ads 3 || 17/11/25 (manual upload);...and 1 more ad",inactive,campaign,2,98000,2,98000,1,,0,,,,,,,,,0,,,,,196,2025-11-26,2025-12-25
"RMODA - BSD || TOF || ABO || Traffic || Collaboration Post || 6/12/25 - [ Visit Profile ]",LINK_CLICKS,Explore,instagram,"Ads 1 - 19/12/25;...and 2 more ads",active,campaign,35,5000,38,4605.26315789,1.08571429,,0,,,,,,,,,0,,,,,175,2025-11-26,2025-12-25
"RMODA - BSD || TOF || ABO || Sales || Collaboration Post & Manual Upload || 6/12/25",OUTCOME_SALES,Explore,instagram,"Ads 5 - (carousel, nano ceramic, auto detailing",active,campaign,10,16300,11,14818.18181818,1.1,,0,0,,,,,,,,0,,,,,163,2025-11-26,2025-12-25
"RMODA - BSD || BOF || CBO || Sales || 17/11/25 - Brief Creative",OUTCOME_SALES,"Instagram Reels",instagram,"SP || BOF || Ads 4 || 17/11/25 (manual upload);...and 2 more ads",inactive,campaign,3,44000,4,33000,1.33333333,,0,,,,,,,,,0,,,,,132,2025-11-26,2025-12-25
"RMODA - BSD || TOF || ABO || Sales || Collaboration Post & Manual Upload || 6/12/25",OUTCOME_SALES,"Explore home",instagram,"Ads 1 - (PPF, before-after, benefit ppf);...and 2 more ads",active,campaign,4,25750,4,25750,1,,0,0,,,,,,,,0,,,,,103,2025-11-26,2025-12-25
"RMODA - BSD || TOF || ABO || Sales || Collaboration Post & Manual Upload || 6/12/25",OUTCOME_SALES,Status,whatsapp,"Ads 1 - (PPF, before-after, benefit ppf);...and 2 more ads",active,campaign,21,4761.9047619,21,4761.9047619,1,,0,0,,,,,,,,0,,,,,100,2025-11-26,2025-12-25
"RMODA - BSD || TOF || ABO || Sales || Collaboration Post & Manual Upload || 6/12/25",OUTCOME_SALES,Explore,instagram,"Ads 1 - (PPF, before-after, benefit ppf);...and 2 more ads",active,campaign,1,62000,1,62000,1,,0,0,,,,,,,,0,,,,,62,2025-11-26,2025-12-25
"RMODA - BSD || TOF || ABO || Sales || Collaboration Post & Manual Upload || 6/12/25",OUTCOME_SALES,Explore,instagram,"Ads 5 - (carousel, nano ceramic, auto detailing;...and 1 more ad",active,campaign,9,5333.33333333,12,4000,1.33333333,,0,0,,,,,,,,0,,,,,48,2025-11-26,2025-12-25
"RMODA - BSD || BOF || CBO || Sales || 20/11/25 - Brief Creative - VS 1",OUTCOME_SALES,"Explore home",instagram,"PPF || BOF || Ads 3 || 17/11/25 (manual upload);...and 1 more ad",inactive,campaign,8,5750,8,5750,1,,0,,,,,,,,,0,,,,,46,2025-11-26,2025-12-25
"RMODA - BSD || TOF || ABO || Sales || Collaboration Post & Manual Upload || 6/12/25",OUTCOME_SALES,Explore,instagram,"Ads 3 - (carousel, ceramic coating)",active,campaign,3,15000,3,15000,1,,0,0,,,,,,,,0,,,,,45,2025-11-26,2025-12-25
"RMODA - BSD || TOF || ABO || Traffic || Collaboration Post || 6/12/25 - [ Visit Profile ]",LINK_CLICKS,"Explore home",instagram,"Ads 1 - 19/12/25;...and 2 more ads",active,campaign,44,1000,47,936.17021277,1.06818182,,0,,,,,,,,,0,,,,,44,2025-11-26,2025-12-25
"RMODA - BSD || TOF || ABO || Traffic  || 17/12/25 - [ New Creative ]",LINK_CLICKS,Explore,instagram,"Ads ppf 3",active,campaign,4,10250,4,10250,1,,0,0,,,,,,,,0,,,,,41,2025-11-26,2025-12-25
"RMODA - BSD || TOF || ABO || Sales || Collaboration Post & Manual Upload || 6/12/25",OUTCOME_SALES,Explore,instagram,"Ads 2 - (before- after, ceramic coating);...and 2 more ads",active,campaign,1,21000,1,21000,1,,0,0,,,,,,,,0,,,,,21,2025-11-26,2025-12-25
"RMODA - BSD || TOF || ABO || Sales || Collaboration Post & Manual Upload || 6/12/25",OUTCOME_SALES,"Explore home",instagram,"Ads 5 - (carousel, nano ceramic, auto detailing",active,campaign,3,6000,3,6000,1,,0,0,,,,,,,,0,,,,,18,2025-11-26,2025-12-25
"RMODA - BSD || TOF || ABO || Sales || Collaboration Post & Manual Upload || 6/12/25",OUTCOME_SALES,"Explore home",instagram,"Ads 3 - (carousel, ceramic coating)",active,campaign,2,8500,2,8500,1,,0,0,,,,,,,,0,,,,,17,2025-11-26,2025-12-25
"RMODA - BSD || BOF || CBO || Sales || 17/11/25 - Brief Creative",OUTCOME_SALES,"Explore home",instagram,"PPF || BOF || Ads 3 || 17/11/25 (manual upload);...and 2 more ads",inactive,campaign,1,8000,1,8000,1,,0,,,,,,,,,0,,,,,8,2025-11-26,2025-12-25
"RMODA - BSD || TOF || ABO || Sales || Collaboration Post & Manual Upload || 6/12/25",OUTCOME_SALES,"Explore home",instagram,"Ads 3 - (carousel, ceramic coating);...and 1 more ad",active,campaign,4,1500,4,1500,1,,0,0,,,,,,,,0,,,,,6,2025-11-26,2025-12-25
"RMODA - BSD || TOF || ABO || Sales || Collaboration Post & Manual Upload || 6/12/25",OUTCOME_SALES,"Explore home",instagram,"Ads 5 - (carousel, nano ceramic, auto detailing;...and 1 more ad",active,campaign,2,1000,2,1000,1,,0,0,,,,,,,,0,,,,,2,2025-11-26,2025-12-25
"RMODA - BSD || TOF || ABO || Sales || Collaboration Post & Manual Upload || 6/12/25",OUTCOME_SALES,"Explore home",instagram,"Ads 2 - (before- after, ceramic coating);...and 2 more ads",active,campaign,3,333.33333333,3,333.33333333,1,,0,0,,,,,,,,0,,,,,1,2025-11-26,2025-12-25
